{"version": {"json_export": "188", "page_segmentation": "5", "schema": "1.1.0", "structure": "1.1042.0", "table_structure": "5"}, "extended_metadata": {"ID_instance": "9C E7 C4 5A 85 B7 B2 11 0A 00 67 45 8B 6B C6 23 ", "ID_permanent": "36 43 20 33 41 20 43 32 20 35 41 20 38 35 20 42 37 20 42 32 20 31 31 20 30 41 20 30 30 20 36 37 20 34 35 20 38 42 20 36 42 20 43 36 20 32 33 20 ", "pdf_version": "1.6", "pdfa_compliance_level": "", "is_encrypted": false, "has_acroform": false, "is_digitally_signed": false, "pdfua_compliance_level": "", "page_count": 1, "has_embedded_files": false, "is_certified": false, "is_XFA": false, "language": "en"}, "elements": [{"Bounds": [14.399993896484375, 742.3500061035156, 171.89999389648438, 777.6000061035156], "ClipBounds": [14.399993896484375, 742.3500061035156, 171.89999389648438, 777.6000061035156], "Page": 0, "Path": "//Document/Sect/Figure", "attributes": {"BBox": [14.399399999999787, 742.3219999999856, 171.83299999999872, 777.6009999999951], "Placement": "Block"}}, {"Bounds": [25.360000610351562, 623.2039947509766, 57.64399719238281, 631.5339965820312], "ClipBounds": [25.360000610351562, 623.2039947509766, 57.64399719238281, 631.5339965820312], "Font": {"alt_family_name": "Helvetica", "embedded": false, "encoding": "WinAnsiEncoding", "family_name": "Helvetica", "font_type": "Type1", "italic": false, "monospaced": false, "name": "Helvetica-Bold", "subset": false, "weight": 700}, "HasClip": true, "Lang": "en", "Page": 0, "Path": "//Document/Sect/Aside/P", "Text": "Supplier: ", "TextSize": 7.0}, {"Bounds": [25.389999389648438, 607.0099945068359, 161.39805603027344, 616.2579956054688], "ClipBounds": [25.389999389648438, 607.0099945068359, 161.39805603027344, 616.2579956054688], "Font": {"alt_family_name": "Helvetica", "embedded": false, "encoding": "WinAnsiEncoding", "family_name": "Helvetica", "font_type": "Type1", "italic": false, "monospaced": false, "name": "Helvetica", "subset": false, "weight": 400}, "HasClip": true, "Lang": "en", "Page": 0, "Path": "//Document/Sect/Aside/P[2]", "Text": "FORWARD SCIENCE HOLDING INC ", "TextSize": 8.0}, {"Bounds": [25.389999389648438, 597.7599945068359, 109.86997985839844, 607.0079956054688], "ClipBounds": [25.389999389648438, 597.7599945068359, 109.86997985839844, 607.0079956054688], "Font": {"alt_family_name": "Helvetica", "embedded": false, "encoding": "WinAnsiEncoding", "family_name": "Helvetica", "font_type": "Type1", "italic": false, "monospaced": false, "name": "Helvetica", "subset": false, "weight": 400}, "HasClip": true, "Lang": "en", "Page": 0, "Path": "//Document/Sect/Aside/P[3]", "Text": "10810 Craighead Drive ", "TextSize": 8.0}, {"Bounds": [25.389999389648438, 588.5099945068359, 96.54197692871094, 597.7579956054688], "ClipBounds": [25.389999389648438, 588.5099945068359, 96.54197692871094, 597.7579956054688], "Font": {"alt_family_name": "Helvetica", "embedded": false, "encoding": "WinAnsiEncoding", "family_name": "Helvetica", "font_type": "Type1", "italic": false, "monospaced": false, "name": "Helvetica", "subset": false, "weight": 400}, "HasClip": true, "Lang": "en", "Page": 0, "Path": "//Document/Sect/Aside/P[4]", "Text": "Houston, TX 77025 ", "TextSize": 8.0}, {"Bounds": [25.389999389648438, 579.2599945068359, 116.09397888183594, 588.5079956054688], "ClipBounds": [25.389999389648438, 579.2599945068359, 116.09397888183594, 588.5079956054688], "Font": {"alt_family_name": "Helvetica", "embedded": false, "encoding": "WinAnsiEncoding", "family_name": "Helvetica", "font_type": "Type1", "italic": false, "monospaced": false, "name": "Helvetica", "subset": false, "weight": 400}, "HasClip": true, "Lang": "en", "Page": 0, "Path": "//Document/Sect/Aside/P[5]", "Text": "United States of America ", "TextSize": 8.0, "attributes": {"SpaceAfter": 18}}, {"Bounds": [26.360000610351562, 529.6640014648438, 66.80599975585938, 537.9940032958984], "ClipBounds": [26.360000610351562, 529.6640014648438, 66.80599975585938, 537.9940032958984], "Font": {"alt_family_name": "Helvetica", "embedded": false, "encoding": "WinAnsiEncoding", "family_name": "Helvetica", "font_type": "Type1", "italic": false, "monospaced": false, "name": "Helvetica-Bold", "subset": false, "weight": 700}, "HasClip": true, "Lang": "en", "Page": 0, "Path": "//Document/Sect/Title", "Text": "Comments: ", "TextSize": 7.0, "attributes": {"SpaceAfter": 2.5}}, {"Bounds": [506.24000549316406, 761.5950012207031, 601.6079864501953, 776.6230010986328], "ClipBounds": [506.24000549316406, 761.5950012207031, 597.8500366210938, 776.6230010986328], "Font": {"alt_family_name": "Helvetica", "embedded": false, "encoding": "WinAnsiEncoding", "family_name": "Helvetica", "font_type": "Type1", "italic": false, "monospaced": false, "name": "Helvetica", "subset": false, "weight": 400}, "HasClip": true, "Lang": "en", "Page": 0, "Path": "//Document/Sect[2]/H1", "Text": "Purchase Order ", "TextSize": 13.0, "attributes": {"LineHeight": 15.625, "SpaceAfter": 10.625, "TextAlign": "End"}}, {"Bounds": [360.36000061035156, 647.3399963378906, 586.1439666748047, 752.5780029296875], "ClipBounds": [360.36000061035156, 647.3399963378906, 586.1439666748047, 752.5780029296875], "Page": 0, "Path": "//Document/Sect[2]/Table", "attributes": {"BBox": [355.54599999998754, 645.8459999999905, 597.5759999999718, 756.1209999999846], "NumCol": 2, "NumRow": 9, "Placement": "Block", "SpaceAfter": 18}}, {"Bounds": [362.13999938964844, 743.3300018310547, 451.49998474121094, 752.5780029296875], "ClipBounds": [362.13999938964844, 743.3300018310547, 451.49998474121094, 752.5780029296875], "Page": 0, "Path": "//Document/Sect[2]/Table/TR/TD", "attributes": {"BBox": [355.54599999998754, 743.4019999999728, 450.34199999998964, 756.1209999999846], "BackgroundColor": [0.8000029999999754, 0.8000029999999754, 0.8000029999999754], "BlockAlign": "After", "BorderColor": [[0, 0, 0], [0, 0, 0], [0.098037699999999, 0.098037699999999, 0.098037699999999], [0.098037699999999, 0.098037699999999, 0.098037699999999]], "BorderStyle": "Solid", "BorderThickness": [0.875, 0.375, 0.875, 0.375], "ColIndex": 0, "Height": 12.75, "InlineAlign": "End", "RowIndex": 0, "Width": 94.75}}, {"Bounds": [362.13999938964844, 743.3300018310547, 451.49998474121094, 752.5780029296875], "ClipBounds": [362.13999938964844, 743.3300018310547, 451.49998474121094, 752.5780029296875], "Font": {"alt_family_name": "Helvetica", "embedded": false, "encoding": "WinAnsiEncoding", "family_name": "Helvetica", "font_type": "Type1", "italic": false, "monospaced": false, "name": "Helvetica", "subset": false, "weight": 400}, "HasClip": true, "Lang": "en", "Page": 0, "Path": "//Document/Sect[2]/Table/TR/TD/P", "Text": "Purchase Order Number ", "TextSize": 8.0, "attributes": {"LineHeight": 9.625}}, {"Bounds": [499.1499938964844, 743.3300018310547, 551.1819763183594, 752.5780029296875], "ClipBounds": [499.1499938964844, 743.3300018310547, 551.1819763183594, 752.5780029296875], "Page": 0, "Path": "//Document/Sect[2]/Table/TR/TD[2]", "attributes": {"BBox": [449.50199999999313, 743.4019999999728, 598.295999999973, 756.1209999999846], "BlockAlign": "After", "BorderColor": [[0, 0, 0], [0, 0, 0], [0.098037699999999, 0.098037699999999, 0.098037699999999], [0, 0, 0]], "BorderStyle": "Solid", "BorderThickness": [0.875, 0.375, 0.375, 0.75], "ColIndex": 1, "Height": 12.75, "InlineAlign": "Center", "RowIndex": 0, "Width": 148.75}}, {"Bounds": [499.1499938964844, 743.3300018310547, 551.1819763183594, 752.5780029296875], "ClipBounds": [499.1499938964844, 743.3300018310547, 551.1819763183594, 752.5780029296875], "Font": {"alt_family_name": "Helvetica", "embedded": false, "encoding": "WinAnsiEncoding", "family_name": "Helvetica", "font_type": "Type1", "italic": false, "monospaced": false, "name": "Helvetica", "subset": false, "weight": 400}, "HasClip": true, "Lang": "en", "Page": 0, "Path": "//Document/Sect[2]/Table/TR/TD[2]/P", "Text": "PO-10551391 ", "TextSize": 8.0, "attributes": {"LineHeight": 9.625}}, {"Bounds": [373.69000244140625, 731.3300018310547, 451.49798583984375, 740.5780029296875], "ClipBounds": [373.69000244140625, 731.3300018310547, 451.49798583984375, 740.5780029296875], "Page": 0, "Path": "//Document/Sect[2]/Table/TR[2]/TD", "attributes": {"BBox": [355.54599999998754, 730.4429999999993, 450.34199999998964, 744.2419999999984], "BackgroundColor": [0.8000029999999754, 0.8000029999999754, 0.8000029999999754], "BlockAlign": "After", "BorderColor": [[0, 0, 0], [0, 0, 0], [0.098037699999999, 0.098037699999999, 0.098037699999999], [0.098037699999999, 0.098037699999999, 0.098037699999999]], "BorderStyle": "Solid", "BorderThickness": [0.375, 0.375, 0.875, 0.375], "ColIndex": 0, "Height": 13.75, "InlineAlign": "End", "RowIndex": 1, "Width": 94.75}}, {"Bounds": [373.69000244140625, 731.3300018310547, 451.49798583984375, 740.5780029296875], "ClipBounds": [373.69000244140625, 731.3300018310547, 451.49798583984375, 740.5780029296875], "Font": {"alt_family_name": "Helvetica", "embedded": false, "encoding": "WinAnsiEncoding", "family_name": "Helvetica", "font_type": "Type1", "italic": false, "monospaced": false, "name": "Helvetica", "subset": false, "weight": 400}, "HasClip": true, "Lang": "en", "Page": 0, "Path": "//Document/Sect[2]/Table/TR[2]/TD/P", "Text": "Purchase Order Date ", "TextSize": 8.0, "attributes": {"LineHeight": 9.625}}, {"Bounds": [504.0399932861328, 731.3300018310547, 546.2959747314453, 740.5780029296875], "ClipBounds": [504.0399932861328, 731.3300018310547, 546.2959747314453, 740.5780029296875], "Page": 0, "Path": "//Document/Sect[2]/Table/TR[2]/TD[2]", "attributes": {"BBox": [449.50199999999313, 730.4429999999993, 598.295999999973, 744.2419999999984], "BlockAlign": "After", "BorderColor": [[0, 0, 0], [0, 0, 0], [0.098037699999999, 0.098037699999999, 0.098037699999999], [0, 0, 0]], "BorderStyle": "Solid", "BorderThickness": [0.375, 0.375, 0.375, 0.75], "ColIndex": 1, "Height": 13.75, "InlineAlign": "Center", "RowIndex": 1, "Width": 148.75}}, {"Bounds": [504.0399932861328, 731.3300018310547, 546.2959747314453, 740.5780029296875], "ClipBounds": [504.0399932861328, 731.3300018310547, 546.2959747314453, 740.5780029296875], "Font": {"alt_family_name": "Helvetica", "embedded": false, "encoding": "WinAnsiEncoding", "family_name": "Helvetica", "font_type": "Type1", "italic": false, "monospaced": false, "name": "Helvetica", "subset": false, "weight": 400}, "HasClip": true, "Lang": "en", "Page": 0, "Path": "//Document/Sect[2]/Table/TR[2]/TD[2]/P", "Text": "07/20/2023 ", "TextSize": 8.0, "attributes": {"LineHeight": 9.625}}, {"Bounds": [372.80999755859375, 719.3300018310547, 451.50604248046875, 728.5780029296875], "ClipBounds": [372.80999755859375, 719.3300018310547, 451.50604248046875, 728.5780029296875], "Page": 0, "Path": "//Document/Sect[2]/Table/TR[3]/TD", "attributes": {"BBox": [355.54599999998754, 718.9229999999807, 450.34199999998964, 731.2819999999774], "BackgroundColor": [0.8000029999999754, 0.8000029999999754, 0.8000029999999754], "BlockAlign": "After", "BorderColor": [[0, 0, 0], [0, 0, 0], [0.098037699999999, 0.098037699999999, 0.098037699999999], [0.098037699999999, 0.098037699999999, 0.098037699999999]], "BorderStyle": "Solid", "BorderThickness": [0.375, 0.375, 0.875, 0.375], "ColIndex": 0, "Height": 12.375, "InlineAlign": "End", "RowIndex": 2, "Width": 94.75}}, {"Bounds": [372.80999755859375, 719.3300018310547, 451.50604248046875, 728.5780029296875], "ClipBounds": [372.80999755859375, 719.3300018310547, 451.50604248046875, 728.5780029296875], "Font": {"alt_family_name": "Helvetica", "embedded": false, "encoding": "WinAnsiEncoding", "family_name": "Helvetica", "font_type": "Type1", "italic": false, "monospaced": false, "name": "Helvetica", "subset": false, "weight": 400}, "HasClip": true, "Lang": "en", "Page": 0, "Path": "//Document/Sect[2]/Table/TR[3]/TD/P", "Text": "Purchase Order Type ", "TextSize": 8.0, "attributes": {"LineHeight": 9.625}}, {"Bounds": [482.27000427246094, 719.3300018310547, 568.0779876708984, 728.5780029296875], "ClipBounds": [482.27000427246094, 719.3300018310547, 568.0779876708984, 728.5780029296875], "Page": 0, "Path": "//Document/Sect[2]/Table/TR[3]/TD[2]", "attributes": {"BBox": [449.50199999999313, 718.9229999999807, 598.295999999973, 731.2819999999774], "BlockAlign": "After", "BorderColor": [[0, 0, 0], [0, 0, 0], [0.098037699999999, 0.098037699999999, 0.098037699999999], [0, 0, 0]], "BorderStyle": "Solid", "BorderThickness": [0.375, 0.375, 0.375, 0.75], "ColIndex": 1, "Height": 12.375, "InlineAlign": "Center", "RowIndex": 2, "Width": 148.75}}, {"Bounds": [482.27000427246094, 719.3300018310547, 568.0779876708984, 728.5780029296875], "ClipBounds": [482.27000427246094, 719.3300018310547, 568.0779876708984, 728.5780029296875], "Font": {"alt_family_name": "Helvetica", "embedded": false, "encoding": "WinAnsiEncoding", "family_name": "Helvetica", "font_type": "Type1", "italic": false, "monospaced": false, "name": "Helvetica", "subset": false, "weight": 400}, "HasClip": true, "Lang": "en", "Page": 0, "Path": "//Document/Sect[2]/Table/TR[3]/TD[2]/P", "Text": "Field Goods & Services ", "TextSize": 8.0, "attributes": {"LineHeight": 9.625}}, {"Bounds": [360.36000061035156, 707.3300018310547, 451.50404357910156, 716.5780029296875], "ClipBounds": [360.36000061035156, 707.3300018310547, 451.50404357910156, 716.5780029296875], "Page": 0, "Path": "//Document/Sect[2]/Table/TR[4]/TD", "attributes": {"BBox": [355.54599999998754, 705.9639999999781, 450.34199999998964, 719.7629999999772], "BackgroundColor": [0.8000029999999754, 0.8000029999999754, 0.8000029999999754], "BlockAlign": "Middle", "BorderColor": [[0, 0, 0], [0, 0, 0], [0.098037699999999, 0.098037699999999, 0.098037699999999], [0.098037699999999, 0.098037699999999, 0.098037699999999]], "BorderStyle": "Solid", "BorderThickness": [0.375, 0.375, 0.875, 0.375], "ColIndex": 0, "Height": 13.75, "InlineAlign": "End", "RowIndex": 3, "Width": 94.75}}, {"Bounds": [360.36000061035156, 707.3300018310547, 451.50404357910156, 716.5780029296875], "ClipBounds": [360.36000061035156, 707.3300018310547, 451.50404357910156, 716.5780029296875], "Font": {"alt_family_name": "Helvetica", "embedded": false, "encoding": "WinAnsiEncoding", "family_name": "Helvetica", "font_type": "Type1", "italic": false, "monospaced": false, "name": "Helvetica", "subset": false, "weight": 400}, "HasClip": true, "Lang": "en", "Page": 0, "Path": "//Document/Sect[2]/Table/TR[4]/TD/P", "Text": "Requested Delivery Date ", "TextSize": 8.0, "attributes": {"LineHeight": 9.625}}, {"Path": "//Document/Sect[2]/Table/TR[4]/TD[2]", "attributes": {"BBox": [449.50199999999313, 705.9639999999781, 598.295999999973, 719.7629999999772], "BlockAlign": "Before", "BorderColor": [[0, 0, 0], [0, 0, 0], [0.098037699999999, 0.098037699999999, 0.098037699999999], [0, 0, 0]], "BorderStyle": "Solid", "BorderThickness": [0.375, 0.375, 0.375, 0.75], "ColIndex": 1, "Height": 13.75, "InlineAlign": "Center", "RowIndex": 3, "Width": 148.75}}, {"Bounds": [392.82000732421875, 695.3300018310547, 451.50006103515625, 704.5780029296875], "ClipBounds": [392.82000732421875, 695.3300018310547, 451.50006103515625, 704.5780029296875], "Page": 0, "Path": "//Document/Sect[2]/Table/TR[5]/TD", "attributes": {"BBox": [355.54599999998754, 694.4439999999886, 450.34199999998964, 706.8029999999853], "BackgroundColor": [0.8000029999999754, 0.8000029999999754, 0.8000029999999754], "BlockAlign": "Middle", "BorderColor": [[0, 0, 0], [0, 0, 0], [0.098037699999999, 0.098037699999999, 0.098037699999999], [0.098037699999999, 0.098037699999999, 0.098037699999999]], "BorderStyle": "Solid", "BorderThickness": [0.375, 0.375, 0.875, 0.375], "ColIndex": 0, "Height": 12.375, "InlineAlign": "End", "RowIndex": 4, "Width": 94.75}}, {"Bounds": [392.82000732421875, 695.3300018310547, 451.50006103515625, 704.5780029296875], "ClipBounds": [392.82000732421875, 695.3300018310547, 451.50006103515625, 704.5780029296875], "Font": {"alt_family_name": "Helvetica", "embedded": false, "encoding": "WinAnsiEncoding", "family_name": "Helvetica", "font_type": "Type1", "italic": false, "monospaced": false, "name": "Helvetica", "subset": false, "weight": 400}, "HasClip": true, "Lang": "en", "Page": 0, "Path": "//Document/Sect[2]/Table/TR[5]/TD/P", "Text": "Payment Terms ", "TextSize": 8.0, "attributes": {"LineHeight": 9.625}}, {"Bounds": [512.2799987792969, 695.3300018310547, 538.0719909667969, 704.5780029296875], "ClipBounds": [512.2799987792969, 695.3300018310547, 538.0719909667969, 704.5780029296875], "Page": 0, "Path": "//Document/Sect[2]/Table/TR[5]/TD[2]", "attributes": {"BBox": [449.50199999999313, 694.4439999999886, 598.295999999973, 706.8029999999853], "BlockAlign": "Middle", "BorderColor": [[0, 0, 0], [0, 0, 0], [0.098037699999999, 0.098037699999999, 0.098037699999999], [0, 0, 0]], "BorderStyle": "Solid", "BorderThickness": [0.375, 0.375, 0.375, 0.75], "ColIndex": 1, "Height": 12.375, "InlineAlign": "Center", "RowIndex": 4, "Width": 148.75}}, {"Bounds": [512.2799987792969, 695.3300018310547, 538.0719909667969, 704.5780029296875], "ClipBounds": [512.2799987792969, 695.3300018310547, 538.0719909667969, 704.5780029296875], "Font": {"alt_family_name": "Helvetica", "embedded": false, "encoding": "WinAnsiEncoding", "family_name": "Helvetica", "font_type": "Type1", "italic": false, "monospaced": false, "name": "Helvetica", "subset": false, "weight": 400}, "HasClip": true, "Lang": "en", "Page": 0, "Path": "//Document/Sect[2]/Table/TR[5]/TD[2]/P", "Text": "Net 45 ", "TextSize": 8.0, "attributes": {"LineHeight": 9.625}}, {"Bounds": [397.6999969482422, 683.3399963378906, 451.5000457763672, 692.5879974365234], "ClipBounds": [397.6999969482422, 683.3399963378906, 451.5000457763672, 692.5879974365234], "Page": 0, "Path": "//Document/Sect[2]/Table/TR[6]/TD", "attributes": {"BBox": [355.54599999998754, 682.9239999999991, 450.34199999998964, 695.2839999999851], "BackgroundColor": [0.8000029999999754, 0.8000029999999754, 0.8000029999999754], "BlockAlign": "Middle", "BorderColor": [[0, 0, 0], [0, 0, 0], [0.098037699999999, 0.098037699999999, 0.098037699999999], [0.098037699999999, 0.098037699999999, 0.098037699999999]], "BorderStyle": "Solid", "BorderThickness": [0.375, 0.375, 0.875, 0.375], "ColIndex": 0, "Height": 12.375, "InlineAlign": "End", "RowIndex": 5, "Width": 94.75}}, {"Bounds": [397.6999969482422, 683.3399963378906, 451.5000457763672, 692.5879974365234], "ClipBounds": [397.6999969482422, 683.3399963378906, 451.5000457763672, 692.5879974365234], "Font": {"alt_family_name": "Helvetica", "embedded": false, "encoding": "WinAnsiEncoding", "family_name": "Helvetica", "font_type": "Type1", "italic": false, "monospaced": false, "name": "Helvetica", "subset": false, "weight": 400}, "HasClip": true, "Lang": "en", "Page": 0, "Path": "//Document/Sect[2]/Table/TR[6]/TD/P", "Text": "Payment Type ", "TextSize": 8.0, "attributes": {"LineHeight": 9.625}}, {"Bounds": [515.6100006103516, 683.3399963378906, 534.7220611572266, 692.5879974365234], "ClipBounds": [515.6100006103516, 683.3399963378906, 534.7220611572266, 692.5879974365234], "Page": 0, "Path": "//Document/Sect[2]/Table/TR[6]/TD[2]", "attributes": {"BBox": [449.50199999999313, 682.9239999999991, 598.295999999973, 695.2839999999851], "BlockAlign": "Middle", "BorderColor": [[0, 0, 0], [0, 0, 0], [0.098037699999999, 0.098037699999999, 0.098037699999999], [0, 0, 0]], "BorderStyle": "Solid", "BorderThickness": [0.375, 0.375, 0.375, 0.75], "ColIndex": 1, "Height": 12.375, "InlineAlign": "Center", "RowIndex": 5, "Width": 148.75}}, {"Bounds": [515.6100006103516, 683.3399963378906, 534.7220611572266, 692.5879974365234], "ClipBounds": [515.6100006103516, 683.3399963378906, 534.7220611572266, 692.5879974365234], "Font": {"alt_family_name": "Helvetica", "embedded": false, "encoding": "WinAnsiEncoding", "family_name": "Helvetica", "font_type": "Type1", "italic": false, "monospaced": false, "name": "Helvetica", "subset": false, "weight": 400}, "HasClip": true, "Lang": "en", "Page": 0, "Path": "//Document/Sect[2]/Table/TR[6]/TD[2]/P", "Text": "ACH ", "TextSize": 8.0, "attributes": {"LineHeight": 9.625}}, {"Bounds": [412.3699951171875, 671.3399963378906, 451.498046875, 680.5879974365234], "ClipBounds": [412.3699951171875, 671.3399963378906, 451.498046875, 680.5879974365234], "Page": 0, "Path": "//Document/Sect[2]/Table/TR[7]/TD", "attributes": {"BBox": [355.54599999998754, 671.4049999999988, 450.34199999998964, 683.7639999999956], "BackgroundColor": [0.8000029999999754, 0.8000029999999754, 0.8000029999999754], "BlockAlign": "After", "BorderColor": [[0, 0, 0], [0, 0, 0], [0.098037699999999, 0.098037699999999, 0.098037699999999], [0.098037699999999, 0.098037699999999, 0.098037699999999]], "BorderStyle": "Solid", "BorderThickness": [0.375, 0.375, 0.875, 0.375], "ColIndex": 0, "Height": 12.375, "InlineAlign": "End", "RowIndex": 6, "Width": 94.75}}, {"Bounds": [412.3699951171875, 671.3399963378906, 451.498046875, 680.5879974365234], "ClipBounds": [412.3699951171875, 671.3399963378906, 451.498046875, 680.5879974365234], "Font": {"alt_family_name": "Helvetica", "embedded": false, "encoding": "WinAnsiEncoding", "family_name": "Helvetica", "font_type": "Type1", "italic": false, "monospaced": false, "name": "Helvetica", "subset": false, "weight": 400}, "HasClip": true, "Lang": "en", "Page": 0, "Path": "//Document/Sect[2]/Table/TR[7]/TD/P", "Text": "Requester ", "TextSize": 8.0, "attributes": {"LineHeight": 9.625}}, {"Bounds": [499.8300018310547, 671.3399963378906, 550.5100555419922, 680.5879974365234], "ClipBounds": [499.8300018310547, 671.3399963378906, 550.5100555419922, 680.5879974365234], "Page": 0, "Path": "//Document/Sect[2]/Table/TR[7]/TD[2]", "attributes": {"BBox": [449.50199999999313, 671.4049999999988, 598.295999999973, 683.7639999999956], "BlockAlign": "After", "BorderColor": [[0, 0, 0], [0, 0, 0], [0.098037699999999, 0.098037699999999, 0.098037699999999], [0, 0, 0]], "BorderStyle": "Solid", "BorderThickness": [0.375, 0.375, 0.375, 0.75], "ColIndex": 1, "Height": 12.375, "InlineAlign": "Center", "RowIndex": 6, "Width": 148.75}}, {"Bounds": [499.8300018310547, 671.3399963378906, 550.5100555419922, 680.5879974365234], "ClipBounds": [499.8300018310547, 671.3399963378906, 550.5100555419922, 680.5879974365234], "Font": {"alt_family_name": "Helvetica", "embedded": false, "encoding": "WinAnsiEncoding", "family_name": "Helvetica", "font_type": "Type1", "italic": false, "monospaced": false, "name": "Helvetica", "subset": false, "weight": 400}, "HasClip": true, "Lang": "en", "Page": 0, "Path": "//Document/Sect[2]/Table/TR[7]/TD[2]/P", "Text": "Ashley Calvin ", "TextSize": 8.0, "attributes": {"LineHeight": 9.625}}, {"Bounds": [390.1499938964844, 659.3399963378906, 451.5020446777344, 668.5879974365234], "ClipBounds": [390.1499938964844, 659.3399963378906, 451.5020446777344, 668.5879974365234], "Page": 0, "Path": "//Document/Sect[2]/Table/TR[8]/TD", "attributes": {"BBox": [355.54599999998754, 658.4449999999779, 450.34199999998964, 672.2449999999953], "BackgroundColor": [0.8000029999999754, 0.8000029999999754, 0.8000029999999754], "BlockAlign": "Middle", "BorderColor": [[0, 0, 0], [0, 0, 0], [0.098037699999999, 0.098037699999999, 0.098037699999999], [0.098037699999999, 0.098037699999999, 0.098037699999999]], "BorderStyle": "Solid", "BorderThickness": [0.375, 0.375, 0.875, 0.375], "ColIndex": 0, "Height": 13.75, "InlineAlign": "End", "RowIndex": 7, "Width": 94.75}}, {"Bounds": [390.1499938964844, 659.3399963378906, 451.5020446777344, 668.5879974365234], "ClipBounds": [390.1499938964844, 659.3399963378906, 451.5020446777344, 668.5879974365234], "Font": {"alt_family_name": "Helvetica", "embedded": false, "encoding": "WinAnsiEncoding", "family_name": "Helvetica", "font_type": "Type1", "italic": false, "monospaced": false, "name": "Helvetica", "subset": false, "weight": 400}, "HasClip": true, "Lang": "en", "Page": 0, "Path": "//Document/Sect[2]/Table/TR[8]/TD/P", "Text": "Requester Email ", "TextSize": 8.0, "attributes": {"LineHeight": 9.625}}, {"Bounds": [465.30999755859375, 659.3399963378906, 585.0299682617188, 668.5879974365234], "ClipBounds": [465.30999755859375, 659.3399963378906, 585.0299682617188, 668.5879974365234], "Page": 0, "Path": "//Document/Sect[2]/Table/TR[8]/TD[2]", "attributes": {"BBox": [449.50199999999313, 658.4449999999779, 598.295999999973, 672.2449999999953], "BlockAlign": "Middle", "BorderColor": [[0, 0, 0], [0, 0, 0], [0.098037699999999, 0.098037699999999, 0.098037699999999], [0, 0, 0]], "BorderStyle": "Solid", "BorderThickness": [0.375, 0.375, 0.375, 0.75], "ColIndex": 1, "Height": 13.75, "InlineAlign": "Center", "RowIndex": 7, "Width": 148.75}}, {"Bounds": [465.30999755859375, 659.3399963378906, 585.0299682617188, 668.5879974365234], "ClipBounds": [465.30999755859375, 659.3399963378906, 585.0299682617188, 668.5879974365234], "Font": {"alt_family_name": "Helvetica", "embedded": false, "encoding": "WinAnsiEncoding", "family_name": "Helvetica", "font_type": "Type1", "italic": false, "monospaced": false, "name": "Helvetica", "subset": false, "weight": 400}, "HasClip": true, "Lang": "en", "Page": 0, "Path": "//Document/Sect[2]/Table/TR[8]/TD[2]/P", "Text": "Ashley.Calvin@aspendental.com ", "TextSize": 8.0, "attributes": {"LineHeight": 9.625}}, {"Bounds": [406.1600036621094, 647.3399963378906, 451.5039978027344, 656.5879974365234], "ClipBounds": [406.1600036621094, 647.3399963378906, 451.5039978027344, 656.5879974365234], "Page": 0, "Path": "//Document/Sect[2]/Table/TR[9]/TD", "attributes": {"BBox": [355.54599999998754, 645.005999999994, 450.34199999998964, 659.2849999999744], "BackgroundColor": [0.8000029999999754, 0.8000029999999754, 0.8000029999999754], "BlockAlign": "Middle", "BorderColor": [[0, 0, 0], [0, 0, 0], [0.098037699999999, 0.098037699999999, 0.098037699999999], [0.098037699999999, 0.098037699999999, 0.098037699999999]], "BorderStyle": "Solid", "BorderThickness": [0.375, 0.875, 0.875, 0.375], "ColIndex": 0, "Height": 14.25, "InlineAlign": "End", "RowIndex": 8, "Width": 94.75}}, {"Bounds": [406.1600036621094, 647.3399963378906, 451.5039978027344, 656.5879974365234], "ClipBounds": [406.1600036621094, 647.3399963378906, 451.5039978027344, 656.5879974365234], "Font": {"alt_family_name": "Helvetica", "embedded": false, "encoding": "WinAnsiEncoding", "family_name": "Helvetica", "font_type": "Type1", "italic": false, "monospaced": false, "name": "Helvetica", "subset": false, "weight": 400}, "HasClip": true, "Lang": "en", "Page": 0, "Path": "//Document/Sect[2]/Table/TR[9]/TD/P", "Text": "Buyer Email ", "TextSize": 8.0, "attributes": {"LineHeight": 9.625}}, {"Bounds": [464.1999969482422, 647.3399963378906, 586.1439666748047, 656.5879974365234], "ClipBounds": [464.1999969482422, 647.3399963378906, 586.1439666748047, 656.5879974365234], "Page": 0, "Path": "//Document/Sect[2]/Table/TR[9]/TD[2]", "attributes": {"BBox": [449.50199999999313, 645.005999999994, 598.295999999973, 659.2849999999744], "BlockAlign": "Middle", "BorderColor": [[0, 0, 0], [0, 0, 0], [0.098037699999999, 0.098037699999999, 0.098037699999999], [0, 0, 0]], "BorderStyle": "Solid", "BorderThickness": [0.375, 0.875, 0.375, 0.75], "ColIndex": 1, "Height": 14.25, "InlineAlign": "Center", "RowIndex": 8, "Width": 148.75}}, {"Bounds": [464.1999969482422, 647.3399963378906, 586.1439666748047, 656.5879974365234], "ClipBounds": [464.1999969482422, 647.3399963378906, 586.1439666748047, 656.5879974365234], "Font": {"alt_family_name": "Helvetica", "embedded": false, "encoding": "WinAnsiEncoding", "family_name": "Helvetica", "font_type": "Type1", "italic": false, "monospaced": false, "name": "Helvetica", "subset": false, "weight": 400}, "HasClip": true, "Lang": "en", "Page": 0, "Path": "//Document/Sect[2]/Table/TR[9]/TD[2]/P", "Text": "jessica.omans@aspendental.com ", "TextSize": 8.0, "attributes": {"LineHeight": 9.625}}, {"Bounds": [529.4700012207031, 634.8390045166016, 598.5619964599609, 644.0879974365234], "ClipBounds": [529.4700012207031, 634.8399963378906, 596.3499755859375, 644.0879974365234], "Font": {"alt_family_name": "Helvetica", "embedded": false, "encoding": "WinAnsiEncoding", "family_name": "Helvetica", "font_type": "Type1", "italic": false, "monospaced": false, "name": "Helvetica", "subset": false, "weight": 400}, "HasClip": true, "Page": 0, "Path": "//Document/Sect[2]/L/LI/LBody", "Text": "Page 1 of 1 ", "TextSize": 8.0}, {"Bounds": [367.6199951171875, 623.2039947509766, 397.5659942626953, 631.5339965820312], "ClipBounds": [367.6199951171875, 623.2039947509766, 397.5659942626953, 631.5339965820312], "Font": {"alt_family_name": "Helvetica", "embedded": false, "encoding": "WinAnsiEncoding", "family_name": "Helvetica", "font_type": "Type1", "italic": false, "monospaced": false, "name": "Helvetica-Bold", "subset": false, "weight": 700}, "HasClip": true, "Lang": "en", "Page": 0, "Path": "//Document/Sect[2]/Aside/P", "Text": "Ship To: ", "TextSize": 7.0}, {"Bounds": [367.6499938964844, 607.0099945068359, 510.7859802246094, 616.2579956054688], "ClipBounds": [367.6499938964844, 607.0099945068359, 510.7859802246094, 616.2579956054688], "Font": {"alt_family_name": "Helvetica", "embedded": false, "encoding": "WinAnsiEncoding", "family_name": "Helvetica", "font_type": "Type1", "italic": false, "monospaced": false, "name": "Helvetica", "subset": false, "weight": 400}, "HasClip": true, "Lang": "en", "Page": 0, "Path": "//Document/Sect[2]/Aside/P[2]", "Text": "ASPEN DENTAL MANAGEMENT, INC. ", "TextSize": 8.0}, {"Bounds": [367.6499938964844, 597.7599945068359, 569.4860534667969, 607.0079956054688], "ClipBounds": [367.6499938964844, 597.7599945068359, 569.4860534667969, 607.0079956054688], "Font": {"alt_family_name": "Helvetica", "embedded": false, "encoding": "WinAnsiEncoding", "family_name": "Helvetica", "font_type": "Type1", "italic": false, "monospaced": false, "name": "Helvetica", "subset": false, "weight": 400}, "HasClip": true, "Lang": "en", "Page": 0, "Path": "//Document/Sect[2]/Aside/P[3]", "Text": "Ashley Calvin, 3131  Knoxville, TN (Chapman Highway) ", "TextSize": 8.0}, {"Bounds": [367.6499938964844, 588.5099945068359, 457.4660339355469, 597.7579956054688], "ClipBounds": [367.6499938964844, 588.5099945068359, 457.4660339355469, 597.7579956054688], "Font": {"alt_family_name": "Helvetica", "embedded": false, "encoding": "WinAnsiEncoding", "family_name": "Helvetica", "font_type": "Type1", "italic": false, "monospaced": false, "name": "Helvetica", "subset": false, "weight": 400}, "HasClip": true, "Lang": "en", "Page": 0, "Path": "//Document/Sect[2]/Aside/P[4]", "Text": "7560 Chapman Highway ", "TextSize": 8.0}, {"Bounds": [367.6499938964844, 579.2599945068359, 441.4579772949219, 588.5079956054688], "ClipBounds": [367.6499938964844, 579.2599945068359, 441.4579772949219, 588.5079956054688], "Font": {"alt_family_name": "Helvetica", "embedded": false, "encoding": "WinAnsiEncoding", "family_name": "Helvetica", "font_type": "Type1", "italic": false, "monospaced": false, "name": "Helvetica", "subset": false, "weight": 400}, "HasClip": true, "Lang": "en", "Page": 0, "Path": "//Document/Sect[2]/Aside/P[5]", "Text": "Knoxville, TN 37920 ", "TextSize": 8.0}, {"Bounds": [367.6499938964844, 570.0200042724609, 458.3539733886719, 579.2680053710938], "ClipBounds": [367.6499938964844, 570.0200042724609, 458.3539733886719, 579.2680053710938], "Font": {"alt_family_name": "Helvetica", "embedded": false, "encoding": "WinAnsiEncoding", "family_name": "Helvetica", "font_type": "Type1", "italic": false, "monospaced": false, "name": "Helvetica", "subset": false, "weight": 400}, "HasClip": true, "Page": 0, "Path": "//Document/Sect[2]/Aside/L/LI/LBody", "Text": "United States of America ", "TextSize": 8.0}, {"Bounds": [367.6499938964844, 560.7700042724609, 468.8179626464844, 570.0180053710938], "ClipBounds": [367.6499938964844, 560.7700042724609, 468.8179626464844, 570.0180053710938], "Font": {"alt_family_name": "Helvetica", "embedded": false, "encoding": "WinAnsiEncoding", "family_name": "Helvetica", "font_type": "Type1", "italic": false, "monospaced": false, "name": "Helvetica", "subset": false, "weight": 400}, "HasClip": true, "Page": 0, "Path": "//Document/Sect[2]/Aside/L/LI[2]/LBody", "Text": "+1 315-454-6000 (Landline) ", "TextSize": 8.0}, {"Bounds": [367.6199951171875, 529.2940063476562, 393.28904724121094, 537.6239929199219], "ClipBounds": [367.6199951171875, 529.2940063476562, 393.28904724121094, 537.6239929199219], "Font": {"alt_family_name": "Helvetica", "embedded": false, "encoding": "WinAnsiEncoding", "family_name": "Helvetica", "font_type": "Type1", "italic": false, "monospaced": false, "name": "Helvetica-Bold", "subset": false, "weight": 700}, "HasClip": true, "Lang": "en", "Page": 0, "Path": "//Document/Sect[2]/Aside[2]/P", "Text": "Bill To: ", "TextSize": 7.0}, {"Bounds": [367.6499938964844, 512.7200012207031, 530.8019714355469, 521.9680023193359], "ClipBounds": [367.6499938964844, 512.7200012207031, 530.8019714355469, 521.9680023193359], "Font": {"alt_family_name": "Helvetica", "embedded": false, "encoding": "WinAnsiEncoding", "family_name": "Helvetica", "font_type": "Type1", "italic": false, "monospaced": false, "name": "Helvetica", "subset": false, "weight": 400}, "HasClip": true, "Lang": "en", "Page": 0, "Path": "//Document/Sect[2]/Aside[2]/P[2]", "Text": "0001 ASPEN DENTAL MANAGEMENT, INC. ", "TextSize": 8.0, "attributes": {"SpaceAfter": 12.625}}, {"Bounds": [368.6499938964844, 463.1739959716797, 591.9900207519531, 500.1580047607422], "ClipBounds": [368.6499938964844, 463.1739959716797, 591.9900207519531, 500.1580047607422], "Font": {"alt_family_name": "Helvetica", "embedded": false, "encoding": "WinAnsiEncoding", "family_name": "Helvetica", "font_type": "Type1", "italic": false, "monospaced": false, "name": "Helvetica", "subset": false, "weight": 400}, "HasClip": true, "Lang": "en", "Page": 0, "Path": "//Document/Sect[2]/Aside[2]/P[3]", "Text": "Invoices should be sent in a single PDF to AP@aspendental.com.Mail accepted at the address located at the bottom of this purchase order ONLY if emailed invoices is not an option. Please do not send invoices in multiple formats. ", "TextSize": 8.0, "attributes": {"SpaceAfter": 18}}, {"Bounds": [295.27000427246094, 391.3699951171875, 590.6059875488281, 430.1269989013672], "ClipBounds": [295.27000427246094, 391.3699951171875, 590.6059875488281, 430.1269989013672], "Page": 0, "Path": "//Document/Sect[2]/Table[2]", "attributes": {"BBox": [279.94899999999325, 390.1359999999986, 597.5759999999718, 432.2549999999901], "NumCol": 4, "NumRow": 4, "Placement": "Block", "SpaceAfter": 18}}, {"Bounds": [317.5899963378906, 422.0350036621094, 347.92799377441406, 430.1269989013672], "ClipBounds": [317.5899963378906, 422.0350036621094, 347.92799377441406, 430.1269989013672], "Page": 0, "Path": "//Document/Sect[2]/Table[2]/TR/TH", "attributes": {"BBox": [280.78899999998976, 422.29499999999825, 356.38499999999476, 432.2549999999901], "BlockAlign": "Middle", "BorderColor": [[0.098037699999999, 0.098037699999999, 0.098037699999999], [0.098037699999999, 0.098037699999999, 0.098037699999999], null, null], "BorderStyle": ["Solid", "Solid", "None", "None"], "BorderThickness": [0.875, 0.375, 0, 0], "ColIndex": 0, "Height": 10, "InlineAlign": "End", "RowIndex": 0, "Width": 75.625}}, {"Bounds": [317.5899963378906, 422.0350036621094, 347.92799377441406, 430.1269989013672], "ClipBounds": [317.5899963378906, 422.0350036621094, 347.92799377441406, 430.1269989013672], "Font": {"alt_family_name": "Helvetica", "embedded": false, "encoding": "WinAnsiEncoding", "family_name": "Helvetica", "font_type": "Type1", "italic": false, "monospaced": false, "name": "Helvetica", "subset": false, "weight": 400}, "HasClip": true, "Lang": "en", "Page": 0, "Path": "//Document/Sect[2]/Table[2]/TR/TH/P", "Text": "Currency ", "TextSize": 7.0, "attributes": {"LineHeight": 8.375}}, {"Bounds": [380.8300018310547, 422.0350036621094, 443.08103942871094, 430.1269989013672], "ClipBounds": [380.8300018310547, 422.0350036621094, 443.08103942871094, 430.1269989013672], "Page": 0, "Path": "//Document/Sect[2]/Table[2]/TR/TH[2]", "attributes": {"BBox": [356.38499999999476, 422.29499999999825, 450.34199999998964, 432.2549999999901], "BackgroundColor": [0.8000029999999754, 0.8000029999999754, 0.8000029999999754], "BlockAlign": "After", "BorderColor": [[0.098037699999999, 0.098037699999999, 0.098037699999999], [0.098037699999999, 0.098037699999999, 0.098037699999999], null, [0, 0, 0]], "BorderStyle": ["Solid", "Solid", "None", "Solid"], "BorderThickness": [0.875, 0.375, 0, 0.375], "ColIndex": 1, "Height": 10, "InlineAlign": "End", "RowIndex": 0, "Width": 94}}, {"Bounds": [380.8300018310547, 422.0350036621094, 443.08103942871094, 430.1269989013672], "ClipBounds": [380.8300018310547, 422.0350036621094, 443.08103942871094, 430.1269989013672], "Font": {"alt_family_name": "Helvetica", "embedded": false, "encoding": "WinAnsiEncoding", "family_name": "Helvetica", "font_type": "Type1", "italic": false, "monospaced": false, "name": "Helvetica", "subset": false, "weight": 400}, "HasClip": true, "Lang": "en", "Page": 0, "Path": "//Document/Sect[2]/Table[2]/TR/TH[2]/P", "Text": "Total Lines Amount ", "TextSize": 7.0, "attributes": {"LineHeight": 8.375}}, {"Bounds": [462.55999755859375, 422.0350036621094, 519.7499847412109, 430.1269989013672], "ClipBounds": [462.55999755859375, 422.0350036621094, 519.7499847412109, 430.1269989013672], "Page": 0, "Path": "//Document/Sect[2]/Table[2]/TR/TH[3]", "attributes": {"BBox": [449.50199999999313, 422.29499999999825, 525.9389999999839, 432.2549999999901], "BackgroundColor": [0.8000029999999754, 0.8000029999999754, 0.8000029999999754], "BlockAlign": "After", "BorderColor": [[0.098037699999999, 0.098037699999999, 0.098037699999999], [0.098037699999999, 0.098037699999999, 0.098037699999999], [0, 0, 0], [0, 0, 0]], "BorderStyle": "Solid", "BorderThickness": [0.875, 0.375, 0.375, 0.375], "ColIndex": 2, "Height": 10, "InlineAlign": "Center", "RowIndex": 0, "Width": 76.375}}, {"Bounds": [462.55999755859375, 422.0350036621094, 519.7499847412109, 430.1269989013672], "ClipBounds": [462.55999755859375, 422.0350036621094, 519.7499847412109, 430.1269989013672], "Font": {"alt_family_name": "Helvetica", "embedded": false, "encoding": "WinAnsiEncoding", "family_name": "Helvetica", "font_type": "Type1", "italic": false, "monospaced": false, "name": "Helvetica", "subset": false, "weight": 400}, "HasClip": true, "Lang": "en", "Page": 0, "Path": "//Document/Sect[2]/Table[2]/TR/TH[3]/P", "Text": "Total Tax Amount ", "TextSize": 7.0, "attributes": {"LineHeight": 8.375}}, {"Bounds": [534.9700012207031, 422.0350036621094, 590.6059875488281, 430.1269989013672], "ClipBounds": [534.9700012207031, 422.0350036621094, 590.6059875488281, 430.1269989013672], "Page": 0, "Path": "//Document/Sect[2]/Table[2]/TR/TH[4]", "attributes": {"BBox": [525.0989999999874, 422.29499999999825, 598.295999999973, 432.2549999999901], "BackgroundColor": [0.8000029999999754, 0.8000029999999754, 0.8000029999999754], "BlockAlign": "After", "BorderColor": [[0.098037699999999, 0.098037699999999, 0.098037699999999], [0.098037699999999, 0.098037699999999, 0.098037699999999], [0, 0, 0], [0, 0, 0]], "BorderStyle": "Solid", "BorderThickness": [0.875, 0.375, 0.375, 0.75], "ColIndex": 3, "Height": 10, "InlineAlign": "Center", "RowIndex": 0, "Width": 73.25}}, {"Bounds": [534.9700012207031, 422.0350036621094, 590.6059875488281, 430.1269989013672], "ClipBounds": [534.9700012207031, 422.0350036621094, 590.6059875488281, 430.1269989013672], "Font": {"alt_family_name": "Helvetica", "embedded": false, "encoding": "WinAnsiEncoding", "family_name": "Helvetica", "font_type": "Type1", "italic": false, "monospaced": false, "name": "Helvetica", "subset": false, "weight": 400}, "HasClip": true, "Lang": "en", "Page": 0, "Path": "//Document/Sect[2]/Table[2]/TR/TH[4]/P", "Text": "Total PO Amount ", "TextSize": 7.0, "attributes": {"LineHeight": 8.375}}, {"Bounds": [323.3699951171875, 411.9600067138672, 342.4820556640625, 421.20799255371094], "ClipBounds": [323.3699951171875, 411.9600067138672, 342.4820556640625, 421.20799255371094], "Page": 0, "Path": "//Document/Sect[2]/Table[2]/TR[2]/TD", "attributes": {"BBox": [280.78899999998976, 411.49499999999534, 356.38499999999476, 423.13499999999476], "BlockAlign": "Middle", "BorderColor": [[0.098037699999999, 0.098037699999999, 0.098037699999999], [0.098037699999999, 0.098037699999999, 0.098037699999999], null, null], "BorderStyle": ["Solid", "Solid", "None", "None"], "BorderThickness": [0.375, 0.375, 0, 0], "ColIndex": 0, "Height": 11.625, "InlineAlign": "End", "RowIndex": 1, "Width": 75.625}}, {"Bounds": [323.3699951171875, 411.9600067138672, 342.4820556640625, 421.20799255371094], "ClipBounds": [323.3699951171875, 411.9600067138672, 342.4820556640625, 421.20799255371094], "Font": {"alt_family_name": "Helvetica", "embedded": false, "encoding": "WinAnsiEncoding", "family_name": "Helvetica", "font_type": "Type1", "italic": false, "monospaced": false, "name": "Helvetica", "subset": false, "weight": 400}, "HasClip": true, "Lang": "en", "Page": 0, "Path": "//Document/Sect[2]/Table[2]/TR[2]/TD/P", "Text": "USD ", "TextSize": 8.0, "attributes": {"LineHeight": 9.625}}, {"Bounds": [398.7799987792969, 411.9600067138672, 425.4679870605469, 421.20799255371094], "ClipBounds": [398.7799987792969, 411.9600067138672, 425.4679870605469, 421.20799255371094], "Page": 0, "Path": "//Document/Sect[2]/Table[2]/TR[2]/TD[2]", "attributes": {"BBox": [356.38499999999476, 411.49499999999534, 450.34199999998964, 423.13499999999476], "BlockAlign": "Middle", "BorderColor": [[0.098037699999999, 0.098037699999999, 0.098037699999999], [0.098037699999999, 0.098037699999999, 0.098037699999999], null, [0, 0, 0]], "BorderStyle": ["Solid", "Solid", "None", "Solid"], "BorderThickness": [0.375, 0.375, 0, 0.375], "ColIndex": 1, "Height": 11.625, "InlineAlign": "Center", "RowIndex": 1, "Width": 94}}, {"Bounds": [398.7799987792969, 411.9600067138672, 425.4679870605469, 421.20799255371094], "ClipBounds": [398.7799987792969, 411.9600067138672, 425.4679870605469, 421.20799255371094], "Font": {"alt_family_name": "Helvetica", "embedded": false, "encoding": "WinAnsiEncoding", "family_name": "Helvetica", "font_type": "Type1", "italic": false, "monospaced": false, "name": "Helvetica", "subset": false, "weight": 400}, "HasClip": true, "Lang": "en", "Page": 0, "Path": "//Document/Sect[2]/Table[2]/TR[2]/TD[2]/P", "Text": "189.00 ", "TextSize": 8.0, "attributes": {"LineHeight": 9.625}}, {"Bounds": [482.42999267578125, 411.9600067138672, 500.22198486328125, 421.20799255371094], "ClipBounds": [482.42999267578125, 411.9600067138672, 500.22198486328125, 421.20799255371094], "Page": 0, "Path": "//Document/Sect[2]/Table[2]/TR[2]/TD[3]", "attributes": {"BBox": [449.50199999999313, 411.49499999999534, 525.9389999999839, 423.13499999999476], "BlockAlign": "Middle", "BorderColor": [[0.098037699999999, 0.098037699999999, 0.098037699999999], [0.098037699999999, 0.098037699999999, 0.098037699999999], [0, 0, 0], [0, 0, 0]], "BorderStyle": "Solid", "BorderThickness": 0.375, "ColIndex": 2, "Height": 11.625, "InlineAlign": "Center", "RowIndex": 1, "Width": 76.375}}, {"Bounds": [482.42999267578125, 411.9600067138672, 500.22198486328125, 421.20799255371094], "ClipBounds": [482.42999267578125, 411.9600067138672, 500.22198486328125, 421.20799255371094], "Font": {"alt_family_name": "Helvetica", "embedded": false, "encoding": "WinAnsiEncoding", "family_name": "Helvetica", "font_type": "Type1", "italic": false, "monospaced": false, "name": "Helvetica", "subset": false, "weight": 400}, "HasClip": true, "Lang": "en", "Page": 0, "Path": "//Document/Sect[2]/Table[2]/TR[2]/TD[3]/P", "Text": "0.00 ", "TextSize": 8.0, "attributes": {"LineHeight": 9.625}}, {"Bounds": [549.6100006103516, 411.9600067138672, 576.2979888916016, 421.20799255371094], "ClipBounds": [549.6100006103516, 411.9600067138672, 576.2979888916016, 421.20799255371094], "Page": 0, "Path": "//Document/Sect[2]/Table[2]/TR[2]/TD[4]", "attributes": {"BBox": [525.0989999999874, 411.49499999999534, 598.295999999973, 423.13499999999476], "BlockAlign": "Middle", "BorderColor": [[0.098037699999999, 0.098037699999999, 0.098037699999999], [0.098037699999999, 0.098037699999999, 0.098037699999999], [0, 0, 0], [0, 0, 0]], "BorderStyle": "Solid", "BorderThickness": [0.375, 0.375, 0.375, 0.75], "ColIndex": 3, "Height": 11.625, "InlineAlign": "Center", "RowIndex": 1, "Width": 73.25}}, {"Bounds": [549.6100006103516, 411.9600067138672, 576.2979888916016, 421.20799255371094], "ClipBounds": [549.6100006103516, 411.9600067138672, 576.2979888916016, 421.20799255371094], "Font": {"alt_family_name": "Helvetica", "embedded": false, "encoding": "WinAnsiEncoding", "family_name": "Helvetica", "font_type": "Type1", "italic": false, "monospaced": false, "name": "Helvetica", "subset": false, "weight": 400}, "HasClip": true, "Lang": "en", "Page": 0, "Path": "//Document/Sect[2]/Table[2]/TR[2]/TD[4]/P", "Text": "189.00 ", "TextSize": 8.0, "attributes": {"LineHeight": 9.625}}, {"Bounds": [300.0800018310547, 402.44500732421875, 351.0399932861328, 410.53700256347656], "ClipBounds": [300.0800018310547, 402.44500732421875, 351.0399932861328, 410.53700256347656], "Page": 0, "Path": "//Document/Sect[2]/Table[2]/TR[3]/TD", "attributes": {"BBox": [279.94899999999325, 402.85599999999977, 356.38499999999476, 412.33499999999185], "BackgroundColor": [0.8000029999999754, 0.8000029999999754, 0.8000029999999754], "BlockAlign": "Middle", "BorderColor": [[0.098037699999999, 0.098037699999999, 0.098037699999999], [0.098037699999999, 0.098037699999999, 0.098037699999999], [0, 0, 0], null], "BorderStyle": ["Solid", "Solid", "Solid", "None"], "BorderThickness": [0.375, 0.375, 0.875, 0], "ColIndex": 0, "Height": 9.5, "InlineAlign": "End", "RowIndex": 2, "Width": 76.375}}, {"Bounds": [300.0800018310547, 402.44500732421875, 351.0399932861328, 410.53700256347656], "ClipBounds": [300.0800018310547, 402.44500732421875, 351.0399932861328, 410.53700256347656], "Font": {"alt_family_name": "Helvetica", "embedded": false, "encoding": "WinAnsiEncoding", "family_name": "Helvetica", "font_type": "Type1", "italic": false, "monospaced": false, "name": "Helvetica", "subset": false, "weight": 400}, "HasClip": true, "Lang": "en", "Page": 0, "Path": "//Document/Sect[2]/Table[2]/TR[3]/TD/P", "Text": "Shipping Terms ", "TextSize": 7.0, "attributes": {"LineHeight": 8.375}}, {"Bounds": [384.7200012207031, 402.44500732421875, 439.19398498535156, 410.53700256347656], "ClipBounds": [384.7200012207031, 402.44500732421875, 439.19398498535156, 410.53700256347656], "Page": 0, "Path": "//Document/Sect[2]/Table[2]/TR[3]/TD[2]", "attributes": {"BBox": [356.38499999999476, 402.85599999999977, 450.34199999998964, 412.33499999999185], "BackgroundColor": [0.8000029999999754, 0.8000029999999754, 0.8000029999999754], "BlockAlign": "Middle", "BorderColor": [[0.098037699999999, 0.098037699999999, 0.098037699999999], [0.098037699999999, 0.098037699999999, 0.098037699999999], null, [0, 0, 0]], "BorderStyle": ["Solid", "Solid", "None", "Solid"], "BorderThickness": [0.375, 0.375, 0, 0.375], "ColIndex": 1, "Height": 9.5, "InlineAlign": "Center", "RowIndex": 2, "Width": 94}}, {"Bounds": [384.7200012207031, 402.44500732421875, 439.19398498535156, 410.53700256347656], "ClipBounds": [384.7200012207031, 402.44500732421875, 439.19398498535156, 410.53700256347656], "Font": {"alt_family_name": "Helvetica", "embedded": false, "encoding": "WinAnsiEncoding", "family_name": "Helvetica", "font_type": "Type1", "italic": false, "monospaced": false, "name": "Helvetica", "subset": false, "weight": 400}, "HasClip": true, "Lang": "en", "Page": 0, "Path": "//Document/Sect[2]/Table[2]/TR[3]/TD[2]/P", "Text": "Shipping Method ", "TextSize": 7.0, "attributes": {"LineHeight": 8.375}}, {"Bounds": [495.07000732421875, 402.44500732421875, 558.489990234375, 410.53700256347656], "ClipBounds": [495.07000732421875, 402.44500732421875, 558.489990234375, 410.53700256347656], "Page": 0, "Path": "//Document/Sect[2]/Table[2]/TR[3]/TD[3]", "attributes": {"BBox": [449.50199999999313, 402.85599999999977, 598.295999999973, 412.33499999999185], "BackgroundColor": [0.8000029999999754, 0.8000029999999754, 0.8000029999999754], "BlockAlign": "Middle", "BorderColor": [[0.098037699999999, 0.098037699999999, 0.098037699999999], [0.098037699999999, 0.098037699999999, 0.098037699999999], [0, 0, 0], [0, 0, 0]], "BorderStyle": "Solid", "BorderThickness": [0.375, 0.375, 0.375, 0.75], "ColIndex": 2, "ColSpan": 2, "Height": 9.5, "InlineAlign": "Center", "RowIndex": 2, "Width": 148.75}}, {"Bounds": [495.07000732421875, 402.44500732421875, 558.489990234375, 410.53700256347656], "ClipBounds": [495.07000732421875, 402.44500732421875, 558.489990234375, 410.53700256347656], "Font": {"alt_family_name": "Helvetica", "embedded": false, "encoding": "WinAnsiEncoding", "family_name": "Helvetica", "font_type": "Type1", "italic": false, "monospaced": false, "name": "Helvetica", "subset": false, "weight": 400}, "HasClip": true, "Lang": "en", "Page": 0, "Path": "//Document/Sect[2]/Table[2]/TR[3]/TD[3]/P", "Text": "Shipping Instruction ", "TextSize": 7.0, "attributes": {"LineHeight": 8.375}}, {"Bounds": [295.27000427246094, 391.3699951171875, 356.18199157714844, 400.6179962158203], "ClipBounds": [295.27000427246094, 391.3699951171875, 356.18199157714844, 400.6179962158203], "Page": 0, "Path": "//Document/Sect[2]/Table[2]/TR[4]/TD", "attributes": {"BBox": [279.94899999999325, 389.29599999998754, 356.38499999999476, 403.6959999999963], "BlockAlign": "Middle", "BorderColor": [[0.098037699999999, 0.098037699999999, 0.098037699999999], [0, 0, 0], [0, 0, 0], null], "BorderStyle": ["Solid", "Solid", "Solid", "None"], "BorderThickness": [0.375, 0.875, 0.875, 0], "ColIndex": 0, "Height": 14.375, "InlineAlign": "End", "RowIndex": 3, "Width": 76.375}}, {"Bounds": [295.27000427246094, 391.3699951171875, 356.18199157714844, 400.6179962158203], "ClipBounds": [295.27000427246094, 391.3699951171875, 356.18199157714844, 400.6179962158203], "Font": {"alt_family_name": "Helvetica", "embedded": false, "encoding": "WinAnsiEncoding", "family_name": "Helvetica", "font_type": "Type1", "italic": false, "monospaced": false, "name": "Helvetica", "subset": false, "weight": 400}, "HasClip": true, "Lang": "en", "Page": 0, "Path": "//Document/Sect[2]/Table[2]/TR[4]/TD/P", "Text": "FOB Destination ", "TextSize": 8.0, "attributes": {"LineHeight": 9.625}}, {"Path": "//Document/Sect[2]/Table[2]/TR[4]/TD[2]", "attributes": {"BBox": [356.38499999999476, 389.29599999998754, 450.34199999998964, 403.6959999999963], "BlockAlign": "Before", "BorderColor": [[0.098037699999999, 0.098037699999999, 0.098037699999999], [0, 0, 0], null, [0, 0, 0]], "BorderStyle": ["Solid", "Solid", "None", "Solid"], "BorderThickness": [0.375, 0.875, 0, 0.375], "ColIndex": 1, "Height": 14.375, "InlineAlign": "Center", "RowIndex": 3, "Width": 94}}, {"Path": "//Document/Sect[2]/Table[2]/TR[4]/TD[3]", "attributes": {"BBox": [449.50199999999313, 389.29599999998754, 598.295999999973, 403.6959999999963], "BlockAlign": "Before", "BorderColor": [[0.098037699999999, 0.098037699999999, 0.098037699999999], [0, 0, 0], [0, 0, 0], [0, 0, 0]], "BorderStyle": "Solid", "BorderThickness": [0.375, 0.875, 0.375, 0.75], "ColIndex": 2, "ColSpan": 2, "Height": 14.375, "InlineAlign": "Start", "RowIndex": 3, "Width": 148.75}}, {"Bounds": [16.360000610351562, 275.8300018310547, 599.0039825439453, 374.6499938964844], "ClipBounds": [16.360000610351562, 275.8300018310547, 597.8500366210938, 374.6499938964844], "Page": 0, "Path": "//Document/Sect[2]/Table[3]", "attributes": {"BBox": [13.559399999999641, 273.6209999999992, 597.5759999999718, 376.5769999999902], "NumCol": 9, "NumRow": 3, "Placement": "Block", "SpaceAfter": 18}}, {"Bounds": [16.360000610351562, 365.79400634765625, 60.705047607421875, 374.1239929199219], "ClipBounds": [16.360000610351562, 365.79400634765625, 60.705047607421875, 374.1239929199219], "Page": 0, "Path": "//Document/Sect[2]/Table[3]/TR/TD", "attributes": {"BBox": [13.559399999999641, 361.8179999999993, 72.35709999999744, 377.41699999998673], "BlockAlign": "Middle", "BorderColor": [[0, 0, 0], [0.098037699999999, 0.098037699999999, 0.098037699999999], [0, 0, 0], [0, 0, 0]], "BorderStyle": "Solid", "BorderThickness": [0.875, 0.375, 0.875, 0.375], "ColIndex": 0, "Height": 15.625, "InlineAlign": "Start", "RowIndex": 0, "Width": 58.75}}, {"Bounds": [16.360000610351562, 365.79400634765625, 60.705047607421875, 374.1239929199219], "ClipBounds": [16.360000610351562, 365.79400634765625, 60.705047607421875, 374.1239929199219], "Font": {"alt_family_name": "Helvetica", "embedded": false, "encoding": "WinAnsiEncoding", "family_name": "Helvetica", "font_type": "Type1", "italic": false, "monospaced": false, "name": "Helvetica-Bold", "subset": false, "weight": 700}, "HasClip": true, "Lang": "en", "Page": 0, "Path": "//Document/Sect[2]/Table[3]/TR/TD/P", "Text": "Goods Lines ", "TextSize": 7.0, "attributes": {"LineHeight": 8.375}}, {"Bounds": [305.3999938964844, 363.0899963378906, 379.8799743652344, 374.6499938964844], "ClipBounds": [305.3999938964844, 363.0899963378906, 379.8799743652344, 374.6499938964844], "Page": 0, "Path": "//Document/Sect[2]/Table[3]/TR/TD[2]", "attributes": {"BBox": [71.5170999999973, 361.8179999999993, 597.5759999999718, 376.5769999999902], "BackgroundColor": [1, 1, 1], "BlockAlign": "Middle", "BorderColor": [null, [0.098037699999999, 0.098037699999999, 0.098037699999999], [0, 0, 0], null], "BorderStyle": ["None", "Solid", "Solid", "None"], "BorderThickness": [0, 0.375, 0.375, 0], "ColIndex": 1, "ColSpan": 8, "Height": 14.75, "InlineAlign": "Center", "RowIndex": 0, "Width": 526}}, {"Bounds": [305.3999938964844, 363.0899963378906, 379.8799743652344, 374.6499938964844], "ClipBounds": [305.3999938964844, 363.0899963378906, 379.8799743652344, 374.6499938964844], "Font": {"alt_family_name": "Helvetica", "embedded": false, "encoding": "WinAnsiEncoding", "family_name": "Helvetica", "font_type": "Type1", "italic": false, "monospaced": false, "name": "Helvetica", "subset": false, "weight": 400}, "HasClip": true, "Lang": "en", "Page": 0, "Path": "//Document/Sect[2]/Table[3]/TR/TD[2]/P", "Text": "Ship To Contact ", "TextSize": 10.0, "attributes": {"LineHeight": 12}}, {"Bounds": [17.44000244140625, 344.38499450683594, 73.29399108886719, 360.56700134277344], "ClipBounds": [17.44000244140625, 344.38499450683594, 73.29399108886719, 360.56700134277344], "Page": 0, "Path": "//Document/Sect[2]/Table[3]/TR[2]/TH", "attributes": {"BBox": [13.559399999999641, 343.09799999999814, 71.99709999999686, 362.65699999999197], "BackgroundColor": [0.8000029999999754, 0.8000029999999754, 0.8000029999999754], "BlockAlign": "Middle", "BorderColor": [[0.098037699999999, 0.098037699999999, 0.098037699999999], [0.098037699999999, 0.098037699999999, 0.098037699999999], [0, 0, 0], null], "BorderStyle": ["Solid", "Solid", "Solid", "None"], "BorderThickness": [0.375, 0.375, 0.875, 0], "ColIndex": 0, "Height": 19.5, "InlineAlign": "Start", "RowIndex": 1, "Width": 58.5}}, {"Bounds": [17.44000244140625, 344.38499450683594, 73.29399108886719, 360.56700134277344], "ClipBounds": [17.44000244140625, 344.38499450683594, 73.29399108886719, 360.56700134277344], "Font": {"alt_family_name": "Helvetica", "embedded": false, "encoding": "WinAnsiEncoding", "family_name": "Helvetica", "font_type": "Type1", "italic": false, "monospaced": false, "name": "Helvetica", "subset": false, "weight": 400}, "HasClip": true, "Lang": "en", "Page": 0, "Path": "//Document/Sect[2]/Table[3]/TR[2]/TH/P", "Text": "Line Quantity Number ", "TextSize": 7.0, "attributes": {"LineHeight": 8}}, {"Bounds": [83.52000427246094, 344.38299560546875, 126.70304870605469, 360.56700134277344], "ClipBounds": [83.52000427246094, 344.38299560546875, 126.70304870605469, 360.56700134277344], "Page": 0, "Path": "//Document/Sect[2]/Table[3]/TR[2]/TH[2]", "attributes": {"BBox": [71.99709999999686, 343.09799999999814, 136.7939999999944, 362.65699999999197], "BackgroundColor": [0.8000029999999754, 0.8000029999999754, 0.8000029999999754], "BlockAlign": "Middle", "BorderColor": [[0.098037699999999, 0.098037699999999, 0.098037699999999], [0.098037699999999, 0.098037699999999, 0.098037699999999], null, null], "BorderStyle": ["Solid", "Solid", "None", "None"], "BorderThickness": [0.375, 0.375, 0, 0], "ColIndex": 1, "Height": 19.5, "InlineAlign": "Center", "RowIndex": 1, "Width": 64.75}}, {"Bounds": [83.52000427246094, 344.38299560546875, 126.70304870605469, 360.56700134277344], "ClipBounds": [83.52000427246094, 344.38299560546875, 126.70304870605469, 360.56700134277344], "Font": {"alt_family_name": "Helvetica", "embedded": false, "encoding": "WinAnsiEncoding", "family_name": "Helvetica", "font_type": "Type1", "italic": false, "monospaced": false, "name": "Helvetica", "subset": false, "weight": 400}, "HasClip": true, "Lang": "en", "Page": 0, "Path": "//Document/Sect[2]/Table[3]/TR[2]/TH[2]/P", "Text": "Supplier Item Identifier ", "TextSize": 7.0, "attributes": {"LineHeight": 8, "TextAlign": "Center"}}, {"Bounds": [138.00999450683594, 352.4750061035156, 174.1859893798828, 360.56700134277344], "ClipBounds": [138.00999450683594, 352.4750061035156, 174.1859893798828, 360.56700134277344], "Page": 0, "Path": "//Document/Sect[2]/Table[3]/TR[2]/TH[3]", "attributes": {"BBox": [136.7939999999944, 343.09799999999814, 207.35199999999895, 362.65699999999197], "BackgroundColor": [0.8000029999999754, 0.8000029999999754, 0.8000029999999754], "BlockAlign": "Before", "BorderColor": [[0.098037699999999, 0.098037699999999, 0.098037699999999], [0.098037699999999, 0.098037699999999, 0.098037699999999], null, null], "BorderStyle": ["Solid", "Solid", "None", "None"], "BorderThickness": [0.375, 0.375, 0, 0], "ColIndex": 2, "Height": 19.5, "InlineAlign": "Start", "RowIndex": 1, "Width": 70.375}}, {"Bounds": [138.00999450683594, 352.4750061035156, 174.1859893798828, 360.56700134277344], "ClipBounds": [138.00999450683594, 352.4750061035156, 174.1859893798828, 360.56700134277344], "Font": {"alt_family_name": "Helvetica", "embedded": false, "encoding": "WinAnsiEncoding", "family_name": "Helvetica", "font_type": "Type1", "italic": false, "monospaced": false, "name": "Helvetica", "subset": false, "weight": 400}, "HasClip": true, "Lang": "en", "Page": 0, "Path": "//Document/Sect[2]/Table[3]/TR[2]/TH[3]/P", "Text": "Item Name ", "TextSize": 7.0, "attributes": {"LineHeight": 8.375}}, {"Bounds": [207.9499969482422, 352.4750061035156, 244.90304565429688, 360.56700134277344], "ClipBounds": [207.9499969482422, 352.4750061035156, 244.90304565429688, 360.56700134277344], "Page": 0, "Path": "//Document/Sect[2]/Table[3]/TR[2]/TH[4]", "attributes": {"BBox": [207.35199999999895, 343.09799999999814, 280.78899999998976, 362.65699999999197], "BackgroundColor": [0.8000029999999754, 0.8000029999999754, 0.8000029999999754], "BlockAlign": "Before", "BorderColor": [[0.098037699999999, 0.098037699999999, 0.098037699999999], [0.098037699999999, 0.098037699999999, 0.098037699999999], null, null], "BorderStyle": ["Solid", "Solid", "None", "None"], "BorderThickness": [0.375, 0.375, 0, 0], "ColIndex": 3, "Height": 19.5, "InlineAlign": "Start", "RowIndex": 1, "Width": 73.375}}, {"Bounds": [207.9499969482422, 352.4750061035156, 244.90304565429688, 360.56700134277344], "ClipBounds": [207.9499969482422, 352.4750061035156, 244.90304565429688, 360.56700134277344], "Font": {"alt_family_name": "Helvetica", "embedded": false, "encoding": "WinAnsiEncoding", "family_name": "Helvetica", "font_type": "Type1", "italic": false, "monospaced": false, "name": "Helvetica", "subset": false, "weight": 400}, "HasClip": true, "Lang": "en", "Page": 0, "Path": "//Document/Sect[2]/Table[3]/TR[2]/TH[4]/P", "Text": "Description ", "TextSize": 7.0, "attributes": {"LineHeight": 8.375}}, {"Bounds": [290.24000549316406, 352.4750061035156, 344.31504821777344, 360.56700134277344], "ClipBounds": [290.24000549316406, 352.4750061035156, 344.31504821777344, 360.56700134277344], "Page": 0, "Path": "//Document/Sect[2]/Table[3]/TR[2]/TH[5]", "attributes": {"BBox": [280.78899999998976, 343.09799999999814, 391.66399999998976, 362.65699999999197], "BackgroundColor": [0.8000029999999754, 0.8000029999999754, 0.8000029999999754], "BlockAlign": "Before", "BorderColor": [[0.098037699999999, 0.098037699999999, 0.098037699999999], [0.098037699999999, 0.098037699999999, 0.098037699999999], null, null], "BorderStyle": ["Solid", "Solid", "None", "None"], "BorderThickness": [0.375, 0.375, 0, 0], "ColIndex": 4, "Height": 19.5, "InlineAlign": "Start", "RowIndex": 1, "Width": 110.875}}, {"Bounds": [290.24000549316406, 352.4750061035156, 344.31504821777344, 360.56700134277344], "ClipBounds": [290.24000549316406, 352.4750061035156, 344.31504821777344, 360.56700134277344], "Font": {"alt_family_name": "Helvetica", "embedded": false, "encoding": "WinAnsiEncoding", "family_name": "Helvetica", "font_type": "Type1", "italic": false, "monospaced": false, "name": "Helvetica", "subset": false, "weight": 400}, "HasClip": true, "Lang": "en", "Page": 0, "Path": "//Document/Sect[2]/Table[3]/TR[2]/TH[5]/P", "Text": "Ship-To Address ", "TextSize": 7.0, "attributes": {"LineHeight": 8.375}}, {"Bounds": [393.0899963378906, 352.4750061035156, 424.9890441894531, 360.56700134277344], "ClipBounds": [393.0899963378906, 352.4750061035156, 424.9890441894531, 360.56700134277344], "Page": 0, "Path": "//Document/Sect[2]/Table[3]/TR[2]/TH[6]", "attributes": {"BBox": [391.66399999998976, 343.09799999999814, 449.2619999999879, 362.65699999999197], "BackgroundColor": [0.8000029999999754, 0.8000029999999754, 0.8000029999999754], "BlockAlign": "Before", "BorderColor": [[0.098037699999999, 0.098037699999999, 0.098037699999999], [0.098037699999999, 0.098037699999999, 0.098037699999999], null, null], "BorderStyle": ["Solid", "Solid", "None", "None"], "BorderThickness": [0.375, 0.375, 0, 0], "ColIndex": 5, "Height": 19.5, "InlineAlign": "Start", "RowIndex": 1, "Width": 57.625}}, {"Bounds": [393.0899963378906, 352.4750061035156, 424.9890441894531, 360.56700134277344], "ClipBounds": [393.0899963378906, 352.4750061035156, 424.9890441894531, 360.56700134277344], "Font": {"alt_family_name": "Helvetica", "embedded": false, "encoding": "WinAnsiEncoding", "family_name": "Helvetica", "font_type": "Type1", "italic": false, "monospaced": false, "name": "Helvetica", "subset": false, "weight": 400}, "HasClip": true, "Lang": "en", "Page": 0, "Path": "//Document/Sect[2]/Table[3]/TR[2]/TH[6]/P", "Text": "Specialist ", "TextSize": 7.0, "attributes": {"LineHeight": 8.375}}, {"Bounds": [458.9199981689453, 344.38299560546875, 488.0959930419922, 360.56700134277344], "ClipBounds": [458.9199981689453, 344.38299560546875, 488.0959930419922, 360.56700134277344], "Page": 0, "Path": "//Document/Sect[2]/Table[3]/TR[2]/TH[7]", "attributes": {"BBox": [449.2619999999879, 343.09799999999814, 486.6999999999971, 362.65699999999197], "BackgroundColor": [0.8000029999999754, 0.8000029999999754, 0.8000029999999754], "BlockAlign": "Middle", "BorderColor": [[0.098037699999999, 0.098037699999999, 0.098037699999999], [0.098037699999999, 0.098037699999999, 0.098037699999999], null, null], "BorderStyle": ["Solid", "Solid", "None", "None"], "BorderThickness": [0.375, 0.375, 0, 0], "ColIndex": 6, "Height": 19.5, "InlineAlign": "Start", "RowIndex": 1, "Width": 37.5}}, {"Bounds": [458.9199981689453, 344.38299560546875, 488.0959930419922, 360.56700134277344], "ClipBounds": [458.9199981689453, 344.38299560546875, 488.0959930419922, 360.56700134277344], "Font": {"alt_family_name": "Helvetica", "embedded": false, "encoding": "WinAnsiEncoding", "family_name": "Helvetica", "font_type": "Type1", "italic": false, "monospaced": false, "name": "Helvetica", "subset": false, "weight": 400}, "HasClip": true, "Lang": "en", "Page": 0, "Path": "//Document/Sect[2]/Table[3]/TR[2]/TH[7]/P", "Text": "Unit of Measure ", "TextSize": 7.0, "attributes": {"LineHeight": 8}}, {"Bounds": [505.75999450683594, 352.4750061035156, 538.0439910888672, 360.56700134277344], "ClipBounds": [505.75999450683594, 352.4750061035156, 538.0439910888672, 360.56700134277344], "Page": 0, "Path": "//Document/Sect[2]/Table[3]/TR[2]/TH[8]", "attributes": {"BBox": [486.6999999999971, 343.09799999999814, 547.1779999999853, 362.65699999999197], "BackgroundColor": [0.8000029999999754, 0.8000029999999754, 0.8000029999999754], "BlockAlign": "Before", "BorderColor": [[0.098037699999999, 0.098037699999999, 0.098037699999999], [0.098037699999999, 0.098037699999999, 0.098037699999999], null, null], "BorderStyle": ["Solid", "Solid", "None", "None"], "BorderThickness": [0.375, 0.375, 0, 0], "ColIndex": 7, "Height": 19.5, "InlineAlign": "Center", "RowIndex": 1, "Width": 60.5}}, {"Bounds": [505.75999450683594, 352.4750061035156, 538.0439910888672, 360.56700134277344], "ClipBounds": [505.75999450683594, 352.4750061035156, 538.0439910888672, 360.56700134277344], "Font": {"alt_family_name": "Helvetica", "embedded": false, "encoding": "WinAnsiEncoding", "family_name": "Helvetica", "font_type": "Type1", "italic": false, "monospaced": false, "name": "Helvetica", "subset": false, "weight": 400}, "HasClip": true, "Lang": "en", "Page": 0, "Path": "//Document/Sect[2]/Table[3]/TR[2]/TH[8]/P", "Text": "Unit Price ", "TextSize": 7.0, "attributes": {"LineHeight": 8.375}}, {"Bounds": [557.7599945068359, 352.4750061035156, 599.0039825439453, 360.56700134277344], "ClipBounds": [557.7599945068359, 352.4750061035156, 597.8500366210938, 360.56700134277344], "Page": 0, "Path": "//Document/Sect[2]/Table[3]/TR[2]/TH[9]", "attributes": {"BBox": [547.1779999999853, 343.09799999999814, 598.295999999973, 362.65699999999197], "BackgroundColor": [0.8000029999999754, 0.8000029999999754, 0.8000029999999754], "BlockAlign": "Before", "BorderColor": [[0.098037699999999, 0.098037699999999, 0.098037699999999], [0.098037699999999, 0.098037699999999, 0.098037699999999], null, [0, 0, 0]], "BorderStyle": ["Solid", "Solid", "None", "Solid"], "BorderThickness": [0.375, 0.375, 0, 0.75], "ColIndex": 8, "Height": 19.5, "InlineAlign": "End", "RowIndex": 1, "Width": 51.125}}, {"Bounds": [557.7599945068359, 352.4750061035156, 599.0039825439453, 360.56700134277344], "ClipBounds": [557.7599945068359, 352.4750061035156, 597.8500366210938, 360.56700134277344], "Font": {"alt_family_name": "Helvetica", "embedded": false, "encoding": "WinAnsiEncoding", "family_name": "Helvetica", "font_type": "Type1", "italic": false, "monospaced": false, "name": "Helvetica", "subset": false, "weight": 400}, "HasClip": true, "Lang": "en", "Page": 0, "Path": "//Document/Sect[2]/Table[3]/TR[2]/TH[9]/P", "Text": "Line Amount ", "TextSize": 7.0, "attributes": {"LineHeight": 8.375}}, {"Bounds": [25.19000244140625, 332.30999755859375, 60.29240417480469, 341.55799865722656], "ClipBounds": [25.19000244140625, 332.30999755859375, 60.29240417480469, 341.55799865722656], "Page": 0, "Path": "//Document/Sect[2]/Table[3]/TR[3]/TD", "attributes": {"BBox": [13.559399999999641, 272.7809999999881, 71.99709999999686, 343.93799999999464], "BlockAlign": "Before", "BorderColor": [[0.098037699999999, 0.098037699999999, 0.098037699999999], [0, 0, 0], [0, 0, 0], null], "BorderStyle": ["Solid", "Solid", "Solid", "None"], "BorderThickness": [0.375, 0.875, 0.875, 0], "ColIndex": 0, "Height": 71.125, "InlineAlign": "Start", "RowIndex": 2, "Width": 58.5}}, {"Bounds": [25.19000244140625, 332.30999755859375, 60.29240417480469, 341.55799865722656], "ClipBounds": [25.19000244140625, 332.30999755859375, 60.29240417480469, 341.55799865722656], "Font": {"alt_family_name": "Helvetica", "embedded": false, "encoding": "WinAnsiEncoding", "family_name": "Helvetica", "font_type": "Type1", "italic": false, "monospaced": false, "name": "Helvetica", "subset": false, "weight": 400}, "HasClip": true, "Lang": "en", "Page": 0, "Path": "//Document/Sect[2]/Table[3]/TR[3]/TD/P", "Text": "1 3 ", "TextSize": 8.0, "attributes": {"LineHeight": 9.625}}, {"Bounds": [88.6300048828125, 332.30999755859375, 118.8699951171875, 341.55799865722656], "ClipBounds": [88.6300048828125, 332.30999755859375, 118.8699951171875, 341.55799865722656], "Page": 0, "Path": "//Document/Sect[2]/Table[3]/TR[3]/TD[2]", "attributes": {"BBox": [71.99709999999686, 272.7809999999881, 136.7939999999944, 343.93799999999464], "BlockAlign": "Before", "BorderColor": [[0.098037699999999, 0.098037699999999, 0.098037699999999], [0, 0, 0], null, null], "BorderStyle": ["Solid", "Solid", "None", "None"], "BorderThickness": [0.375, 0.875, 0, 0], "ColIndex": 1, "Height": 71.125, "InlineAlign": "Center", "RowIndex": 2, "Width": 64.75}}, {"Bounds": [88.6300048828125, 332.30999755859375, 118.8699951171875, 341.55799865722656], "ClipBounds": [88.6300048828125, 332.30999755859375, 118.8699951171875, 341.55799865722656], "Font": {"alt_family_name": "Helvetica", "embedded": false, "encoding": "WinAnsiEncoding", "family_name": "Helvetica", "font_type": "Type1", "italic": false, "monospaced": false, "name": "Helvetica", "subset": false, "weight": 400}, "HasClip": true, "Lang": "en", "Page": 0, "Path": "//Document/Sect[2]/Table[3]/TR[3]/TD[2]/P", "Text": "TS1612 ", "TextSize": 8.0, "attributes": {"LineHeight": 9.625}}, {"Bounds": [138.0399932861328, 323.05999755859375, 196.2880401611328, 341.55799865722656], "ClipBounds": [138.0399932861328, 323.05999755859375, 196.2880401611328, 341.55799865722656], "Page": 0, "Path": "//Document/Sect[2]/Table[3]/TR[3]/TD[3]", "attributes": {"BBox": [136.7939999999944, 272.7809999999881, 207.35199999999895, 343.93799999999464], "BlockAlign": "Before", "BorderColor": [[0.098037699999999, 0.098037699999999, 0.098037699999999], [0, 0, 0], null, null], "BorderStyle": ["Solid", "Solid", "None", "None"], "BorderThickness": [0.375, 0.875, 0, 0], "ColIndex": 2, "Height": 71.125, "InlineAlign": "Start", "RowIndex": 2, "Width": 70.375}}, {"Bounds": [138.0399932861328, 332.30999755859375, 173.1680450439453, 341.55799865722656], "ClipBounds": [138.0399932861328, 332.30999755859375, 173.1680450439453, 341.55799865722656], "Font": {"alt_family_name": "Helvetica", "embedded": false, "encoding": "WinAnsiEncoding", "family_name": "Helvetica", "font_type": "Type1", "italic": false, "monospaced": false, "name": "Helvetica", "subset": false, "weight": 400}, "HasClip": true, "Lang": "en", "Page": 0, "Path": "//Document/Sect[2]/Table[3]/TR[3]/TD[3]/P", "Text": "TS1612 - ", "TextSize": 8.0, "attributes": {"LineHeight": 9.625}}, {"Bounds": [138.0399932861328, 323.05999755859375, 196.2880401611328, 332.30799865722656], "ClipBounds": [138.0399932861328, 323.05999755859375, 196.2880401611328, 332.30799865722656], "Font": {"alt_family_name": "Helvetica", "embedded": false, "encoding": "WinAnsiEncoding", "family_name": "Helvetica", "font_type": "Type1", "italic": false, "monospaced": false, "name": "Helvetica", "subset": false, "weight": 400}, "HasClip": true, "Lang": "en", "Page": 0, "Path": "//Document/Sect[2]/Table[3]/TR[3]/TD[3]/P[2]", "Text": "Therastom 16 o ", "TextSize": 8.0, "attributes": {"LineHeight": 9.625}}, {"Bounds": [207.97999572753906, 332.30999755859375, 266.22804260253906, 341.55799865722656], "ClipBounds": [207.97999572753906, 332.30999755859375, 266.22804260253906, 341.55799865722656], "Page": 0, "Path": "//Document/Sect[2]/Table[3]/TR[3]/TD[4]", "attributes": {"BBox": [207.35199999999895, 272.7809999999881, 280.78899999998976, 343.93799999999464], "BlockAlign": "Before", "BorderColor": [[0.098037699999999, 0.098037699999999, 0.098037699999999], [0, 0, 0], null, null], "BorderStyle": ["Solid", "Solid", "None", "None"], "BorderThickness": [0.375, 0.875, 0, 0], "ColIndex": 3, "Height": 71.125, "InlineAlign": "Start", "RowIndex": 2, "Width": 73.375}}, {"Bounds": [207.97999572753906, 332.30999755859375, 266.22804260253906, 341.55799865722656], "ClipBounds": [207.97999572753906, 332.30999755859375, 266.22804260253906, 341.55799865722656], "Font": {"alt_family_name": "Helvetica", "embedded": false, "encoding": "WinAnsiEncoding", "family_name": "Helvetica", "font_type": "Type1", "italic": false, "monospaced": false, "name": "Helvetica", "subset": false, "weight": 400}, "HasClip": true, "Lang": "en", "Page": 0, "Path": "//Document/Sect[2]/Table[3]/TR[3]/TD[4]/P", "Text": "Therastom 16 o ", "TextSize": 8.0, "attributes": {"LineHeight": 9.625}}, {"Bounds": [290.27000427246094, 275.8300018310547, 379.1756591796875, 341.55799865722656], "ClipBounds": [290.27000427246094, 275.8300018310547, 379.1756591796875, 341.55799865722656], "Page": 0, "Path": "//Document/Sect[2]/Table[3]/TR[3]/TD[5]", "attributes": {"BBox": [280.78899999998976, 272.7809999999881, 391.66399999998976, 343.93799999999464], "BlockAlign": "Before", "BorderColor": [[0.098037699999999, 0.098037699999999, 0.098037699999999], [0, 0, 0], null, null], "BorderStyle": ["Solid", "Solid", "None", "None"], "BorderThickness": [0.375, 0.875, 0, 0], "ColIndex": 4, "Height": 71.125, "InlineAlign": "Start", "RowIndex": 2, "Width": 110.875}}, {"Bounds": [290.27000427246094, 275.8300018310547, 379.1756591796875, 341.55799865722656], "ClipBounds": [290.27000427246094, 275.8300018310547, 379.1756591796875, 341.55799865722656], "Font": {"alt_family_name": "Helvetica", "embedded": false, "encoding": "WinAnsiEncoding", "family_name": "Helvetica", "font_type": "Type1", "italic": false, "monospaced": false, "name": "Helvetica", "subset": false, "weight": 400}, "HasClip": true, "Lang": "en", "Page": 0, "Path": "//Document/Sect[2]/Table[3]/TR[3]/TD[5]/P", "Text": "Ashley Calvin,3131   Knoxville, TN (Chapman Highway) 7560 Chapman Highway,Knoxville, TN 37920,United States of America ", "TextSize": 8.0, "attributes": {"LineHeight": 9.375}}, {"Path": "//Document/Sect[2]/Table[3]/TR[3]/TD[6]", "attributes": {"BBox": [391.66399999998976, 272.7809999999881, 449.2619999999879, 343.93799999999464], "BlockAlign": "Before", "BorderColor": [[0.098037699999999, 0.098037699999999, 0.098037699999999], [0, 0, 0], null, null], "BorderStyle": ["Solid", "Solid", "None", "None"], "BorderThickness": [0.375, 0.875, 0, 0], "ColIndex": 5, "Height": 71.125, "InlineAlign": "Start", "RowIndex": 2, "Width": 57.625}}, {"Bounds": [459.9499969482422, 331.30999755859375, 480.4060516357422, 340.55799865722656], "ClipBounds": [459.9499969482422, 331.30999755859375, 480.4060516357422, 340.55799865722656], "Page": 0, "Path": "//Document/Sect[2]/Table[3]/TR[3]/TD[7]", "attributes": {"BBox": [449.2619999999879, 272.7809999999881, 486.6999999999971, 343.93799999999464], "BlockAlign": "Before", "BorderColor": [[0.098037699999999, 0.098037699999999, 0.098037699999999], [0, 0, 0], null, null], "BorderStyle": ["Solid", "Solid", "None", "None"], "BorderThickness": [0.375, 0.875, 0, 0], "ColIndex": 6, "Height": 71.125, "InlineAlign": "Center", "RowIndex": 2, "Width": 37.5}}, {"Bounds": [459.9499969482422, 331.30999755859375, 480.4060516357422, 340.55799865722656], "ClipBounds": [459.9499969482422, 331.30999755859375, 480.4060516357422, 340.55799865722656], "Font": {"alt_family_name": "Helvetica", "embedded": false, "encoding": "WinAnsiEncoding", "family_name": "Helvetica", "font_type": "Type1", "italic": false, "monospaced": false, "name": "Helvetica", "subset": false, "weight": 400}, "HasClip": true, "Lang": "en", "Page": 0, "Path": "//Document/Sect[2]/Table[3]/TR[3]/TD[7]/P", "Text": "Each ", "TextSize": 8.0, "attributes": {"LineHeight": 9.625}}, {"Bounds": [516.1100006103516, 332.30999755859375, 538.3499908447266, 341.55799865722656], "ClipBounds": [516.1100006103516, 332.30999755859375, 538.3499908447266, 341.55799865722656], "Page": 0, "Path": "//Document/Sect[2]/Table[3]/TR[3]/TD[8]", "attributes": {"BBox": [486.6999999999971, 272.7809999999881, 547.1779999999853, 343.93799999999464], "BlockAlign": "Before", "BorderColor": [[0.098037699999999, 0.098037699999999, 0.098037699999999], [0, 0, 0], null, null], "BorderStyle": ["Solid", "Solid", "None", "None"], "BorderThickness": [0.375, 0.875, 0, 0], "ColIndex": 7, "Height": 71.125, "InlineAlign": "End", "RowIndex": 2, "Width": 60.5}}, {"Bounds": [516.1100006103516, 332.30999755859375, 538.3499908447266, 341.55799865722656], "ClipBounds": [516.1100006103516, 332.30999755859375, 538.3499908447266, 341.55799865722656], "Font": {"alt_family_name": "Helvetica", "embedded": false, "encoding": "WinAnsiEncoding", "family_name": "Helvetica", "font_type": "Type1", "italic": false, "monospaced": false, "name": "Helvetica", "subset": false, "weight": 400}, "HasClip": true, "Lang": "en", "Page": 0, "Path": "//Document/Sect[2]/Table[3]/TR[3]/TD[8]/P", "Text": "63.00 ", "TextSize": 8.0, "attributes": {"LineHeight": 9.625}}, {"Bounds": [570.6199951171875, 332.30999755859375, 597.3079833984375, 341.55799865722656], "ClipBounds": [570.6199951171875, 332.30999755859375, 597.3079833984375, 341.55799865722656], "Page": 0, "Path": "//Document/Sect[2]/Table[3]/TR[3]/TD[9]", "attributes": {"BBox": [547.1779999999853, 272.7809999999881, 598.295999999973, 343.93799999999464], "BlockAlign": "Before", "BorderColor": [[0.098037699999999, 0.098037699999999, 0.098037699999999], [0, 0, 0], null, [0, 0, 0]], "BorderStyle": ["Solid", "Solid", "None", "Solid"], "BorderThickness": [0.375, 0.875, 0, 0.75], "ColIndex": 8, "Height": 71.125, "InlineAlign": "End", "RowIndex": 2, "Width": 51.125}}, {"Bounds": [570.6199951171875, 332.30999755859375, 597.3079833984375, 341.55799865722656], "ClipBounds": [570.6199951171875, 332.30999755859375, 597.3079833984375, 341.55799865722656], "Font": {"alt_family_name": "Helvetica", "embedded": false, "encoding": "WinAnsiEncoding", "family_name": "Helvetica", "font_type": "Type1", "italic": false, "monospaced": false, "name": "Helvetica", "subset": false, "weight": 400}, "HasClip": true, "Lang": "en", "Page": 0, "Path": "//Document/Sect[2]/Table[3]/TR[3]/TD[9]/P", "Text": "189.00 ", "TextSize": 8.0, "attributes": {"LineHeight": 9.625}}, {"Bounds": [87.47999572753906, 25.33599853515625, 527.2159576416016, 62.3280029296875], "ClipBounds": [87.47999572753906, 25.33599853515625, 527.2159576416016, 62.3280029296875], "Font": {"alt_family_name": "Helvetica", "embedded": false, "encoding": "WinAnsiEncoding", "family_name": "Helvetica", "font_type": "Type1", "italic": false, "monospaced": false, "name": "Helvetica", "subset": false, "weight": 400}, "HasClip": true, "Lang": "en", "Page": 0, "Path": "//Document/Sect[2]/P", "Text": "This Purchase Order is subject to the Standard Terms and Conditions found at https://www.aspendental.com/supplier-terms Please contact the Buyer listed on purchase order with any order/pricing discrepancies. 0001 Aspen Dental Management | 281 Sanders Creek Parkway | E. Syracuse, New York 13057 (315) 454-6000 ", "TextSize": 8.0, "attributes": {"LineHeight": 9.25, "TextAlign": "Center"}}], "pages": [{"boxes": {"CropBox": [0.0, 0.0, 612.0, 792.0], "MediaBox": [0.0, 0.0, 612.0, 792.0]}, "height": 792.0, "is_scanned": false, "page_number": 0, "rotation": 0, "width": 612.0}]}